INSERT INTO principal (id, type, name, environment_name, business_group, cluster, user_id, created_date, created_by, modified_date, modified_by)
VALUES
       ('56bc4386a7', 'ApplicationDeployment', 'uname3', 'dev', 'aurora', 'utv', null, '2021-02-23 16:02:50.068', 'aurora', '2021-02-23 16:02:50.068', 'aurora'),
       ('efa732d5dc', 'ApplicationDeployment', 'dbh', 'dev', 'aurora', 'utv', null, '2021-03-12 13:18:21.736', 'aurora', '2021-03-12 13:18:21.736', 'aurora'),
       ('20985c6b9b', 'ApplicationDeployment', 'u-471-refapp-s3', 'dev', 'aurora', 'utv', null, '2021-08-31 10:11:08.841', 'aurora', '2021-08-31 10:11:08.841', 'aurora'),
       ('c39f1477e0', 'ApplicationDeployment', 'u-405-gobo', 'dev', 'aurora', 'utv', null, '2021-03-12 13:22:00.046', 'aurora', '2021-03-12 13:22:00.046', 'aurora'),
       ('21a13d0b7d', 'ApplicationDeployment', 'oc-ref-springboot-server-kotlin', 'dev', 'aurora', 'utv', null, '2021-09-02 08:20:25.922', 'aurora', '2021-09-02 08:20:25.922', 'aurora'),
       ('74ce1e1b8f', 'ApplicationDeployment', 'jenkins-slave-go', 'aps-build', 'aup', 'utv04', null, '2021-09-02 12:41:22.623', 'aurora', '2021-09-02 12:41:22.623', 'aurora'),
       ('ff45a7750b', 'ApplicationDeployment', 'jenkins-slave', 'aps-build', 'aup', 'utv04', null, '2021-09-02 12:41:22.634', 'aurora', '2021-09-02 12:41:22.634', 'aurora'),
       ('01fb641c13', 'ApplicationDeployment', 'martin-test-applikasjon', 'martin-dev', 'paas', 'utv', null, '2021-08-23 09:46:47.916', 'aurora', '2021-08-23 09:46:47.916', 'aurora'),
       ('a3f9f0ab90', 'ApplicationDeployment', 'jenkins-slave-node12', 'build', 'aup', 'utv04', null, '2021-09-02 12:41:22.653', 'aurora', '2021-09-02 12:41:22.653', 'aurora'),
       ('22d9d239cc', 'ApplicationDeployment', 'ao', 'aotest', 'paas', 'utv', null, '2021-08-23 09:54:14.635', 'aurora', '2021-08-23 09:54:14.635', 'aurora'),
       ('c75195e506', 'ApplicationDeployment', 'aos1756-ref', 'aos1756-ref-utv', 'paas', 'utv', null, '2021-08-23 09:54:14.659', 'aurora', '2021-08-23 09:54:14.659', 'aurora'),
       ('accc48798f', 'ApplicationDeployment', 'oc-ref-springboot-server-kotlin', 'kris-test', 'aurora', 'utv', null, '2021-04-09 08:59:27.183', 'aurora', '2021-04-09 08:59:27.183', 'aurora'),
       ('cd783d29f1', 'ApplicationDeployment', 'elasticsearch', 'aotest', 'paas', 'utv', null, '2021-08-23 09:54:14.678', 'aurora', '2021-08-23 09:54:14.678', 'aurora'),
       ('f906a8673f', 'ApplicationDeployment', 'refapps3', 'bas-test', 'aurora', 'utv', null, '2021-04-08 23:57:20.41', 'aurora', '2021-04-08 23:57:20.41', 'aurora'),
       ('96b7031878', 'ApplicationDeployment', 'kibana', 'aotest', 'paas', 'utv', null, '2021-08-23 09:54:14.705', 'aurora', '2021-08-23 09:54:14.705', 'aurora'),
       ('ffe4a15540', 'ApplicationDeployment', 'redisdb', 'aotest', 'paas', 'utv', null, '2021-08-23 09:54:14.718', 'aurora', '2021-08-23 09:54:14.718', 'aurora'),
       ('dacf188b88', 'ApplicationDeployment', 'simple', 'utv', 'paas', 'test', null, '2021-04-09 15:26:38.247', 'aurora', '2021-04-09 15:26:38.247', 'aurora'),
       ('91a7e8d88d', 'ApplicationDeployment', 'openshift-referanse-react', 'aotest', 'paas', 'utv', null, '2021-08-23 09:54:14.779', 'aurora', '2021-08-23 09:54:14.779', 'aurora'),
       ('231e68249e', 'ApplicationDeployment', 'whoami', 'aotest-dev', 'paas', 'utv04', null, '2021-08-23 09:54:14.793', 'aurora', '2021-08-23 09:54:14.793', 'aurora'),
       ('d5c1e2e45a', 'ApplicationDeployment', 'whoami', 'aotest', 'paas', 'utv', null, '2021-08-23 09:54:14.805', 'aurora', '2021-08-23 09:54:14.805', 'aurora'),
       ('f21340bb14', 'ApplicationDeployment', 'wiremock', 'aotest', 'paas', 'utv', null, '2021-08-23 09:54:14.817', 'aurora', '2021-08-23 09:54:14.817', 'aurora'),
       ('d4307bb3eb', 'ApplicationDeployment', 'atomhopper', 'aotest2', 'paas', 'utv', null, '2021-08-23 09:54:14.88', 'aurora', '2021-08-23 09:54:14.88', 'aurora');

INSERT INTO resource (id, kind, name, owner_id, created_date, created_by, modified_date, modified_by, parent_id, active, set_to_cooldown_at)
VALUES
       (2, 'PostgresDatabaseInstance', 'aurora-postgres-01', '56bc4386a7', '2021-02-23 16:08:21.455', 'aurora', '2021-02-23 16:08:21.455', 'aurora', null, true, null),
       (3, 'PostgresDatabaseInstance', 'aup-postgres--01', '56bc4386a7', '2021-03-12 12:44:34.203', 'aurora', '2021-03-12 12:44:34.203', 'aurora', null, true, null),
       (4, 'PostgresDatabaseInstance', 'aurora-postgres-01', 'efa732d5dc', '2021-03-12 13:28:01.328', 'aurora', '2021-03-12 13:28:01.328', 'aurora', null, true, null),
       (5, 'PostgresDatabaseInstance', 'minside-postgres-01', 'efa732d5dc', '2021-03-12 13:44:18.739', 'aurora', '2021-03-12 13:44:18.739', 'aurora', null, true, null),
       (6, 'PostgresDatabaseInstance', 'aup-postgres-01', 'efa732d5dc', '2021-03-12 14:10:12.415', 'aurora', '2021-03-12 14:10:12.415', 'aurora', null, true, null),
       (110, 'MinioPolicy', '<bucketname>', '74ce1e1b8f', '2021-06-09 14:01:36.104', 'aurora', '2021-06-09 14:01:36.104', 'aurora', null, false, '2021-06-09 23:57:31.685'),
       (118, 'MinioPolicy', '<bucketname>', '74ce1e1b8f', '2021-06-09 15:41:27.403', 'aurora', '2021-06-09 15:41:27.403', 'aurora', null, true, null),
       (1, 'PostgresDatabaseInstance', 'aurora-postgres-uil0aup-postgres01', '56bc4386a7', '2021-02-23 16:05:06.26', 'aurora', '2021-02-23 16:05:06.26', 'aurora', null, false, '2021-06-10 00:14:43.483'),
       (121, 'StorageGridObjectArea', 'demo', '0141a019c1', '2021-06-15 13:31:12.683', 'aurora', '2021-06-15 13:31:12.683', 'aurora', null, false, '2021-06-15 13:31:24.68'),
       (120, 'StorageGridObjectArea', 'demo', '0141a019c1', '2021-06-15 13:30:24.236', 'aurora', '2021-06-15 13:30:24.236', 'aurora', null, true, null),
       (122, 'StorageGridObjectArea', 'referanse-kotlin', 'f906a8673f', '2021-06-17 11:20:22.356', 'aurora', '2021-06-17 11:20:22.356', 'aurora', null, false, '2021-06-22 09:38:40.738'),
       (123, 'StorageGridObjectArea', 'referanse-kotlin2', 'f906a8673f', '2021-06-17 11:20:23.411', 'aurora', '2021-06-17 11:20:23.411', 'aurora', null, false, '2021-06-22 09:38:40.874'),
       (124, 'StorageGridObjectArea', 'referanse-kotlin', 'f906a8673f', '2021-06-22 09:42:47.057', 'aurora', '2021-06-22 09:42:47.057', 'aurora', null, true, null),
       (125, 'StorageGridObjectArea', 'referanse-kotlin2', 'f906a8673f', '2021-06-22 09:42:48.217', 'aurora', '2021-06-22 09:42:48.217', 'aurora', null, true, null),
       (128, 'StorageGridObjectArea', 'referanse-kotlin', 'accc48798f', '2021-08-11 10:35:28.858', 'aurora', '2021-08-11 10:35:28.858', 'aurora', null, true, null),
       (126, 'StorageGridObjectArea', 'referanse-java', '8fb49175d3', '2021-08-11 10:35:26.317', 'aurora', '2021-08-11 10:35:26.317', 'aurora', null, false, '2021-08-11 13:15:23.579'),
       (127, 'StorageGridObjectArea', 'referanse-java2', '8fb49175d3', '2021-08-11 10:35:27.479', 'aurora', '2021-08-11 10:35:27.479', 'aurora', null, false, '2021-08-11 13:15:29.957'),
       (131, 'StorageGridObjectArea', 'ref-u-471', '20985c6b9b', '2021-08-31 10:11:17.745', 'aurora', '2021-08-31 10:11:17.745', 'aurora', null, true, null),
       (132, 'StorageGridObjectArea', 'ref-u-471-2', '20985c6b9b', '2021-08-31 10:11:19.7', 'aurora', '2021-08-31 10:11:19.7', 'aurora', null, true, null),
       (133, 'StorageGridObjectArea', 'ref-u-471', '21a13d0b7d', '2021-09-02 08:20:34.218', 'aurora', '2021-09-02 08:20:34.218', 'aurora', null, true, null),
       (134, 'StorageGridObjectArea', 'ref-u-471-2', '21a13d0b7d', '2021-09-02 08:20:35.085', 'aurora', '2021-09-02 08:20:35.085', 'aurora', null, true, null),
       (135, 'StorageGridObjectArea', 'referanse-java2', '21a13d0b7d', '2021-09-08 12:23:18.835', 'aurora', '2021-09-08 12:23:18.835', 'aurora', null, true, null),
       (136, 'StorageGridObjectArea', 'referanse-java', '21a13d0b7d', '2021-09-08 12:23:21.553', 'aurora', '2021-09-08 12:23:21.553', 'aurora', null, true, null),
       (137, 'StorageGridObjectArea', 'referanse-java2', '20985c6b9b', '2021-09-08 12:23:23.587', 'aurora', '2021-09-08 12:23:23.587', 'aurora', null, true, null),
       (138, 'StorageGridObjectArea', 'referanse-java', '20985c6b9b', '2021-09-08 12:23:25.374', 'aurora', '2021-09-08 12:23:25.374', 'aurora', null, true, null),
       (130, 'StorageGridObjectArea', 'referanse-java2', '8fb49175d3', '2021-08-11 13:15:48.929', 'aurora', '2021-08-11 13:15:48.929', 'aurora', null, false, '2021-08-11 13:17:23.579'),
       (129, 'StorageGridObjectArea', 'referanse-java', '8fb49175d3', '2021-08-11 13:15:48.093', 'aurora', '2021-08-11 13:15:48.093', 'aurora', null, false, '2021-08-11 13:16:23.579'),
       (7, 'StorageGridTenant', 'aurora-utv-fake', 'efa732d5dc', '2021-04-09 01:49:34.95', 'aurora', '2021-04-09 01:49:34.95', 'aurora', null, true, null),
       (139, 'StorageGridTenant', 'aurora-utv', '6b09b33778', '2021-09-21 16:20:52.228', 'aurora', '2021-09-21 16:20:52.228', 'aurora', null, true, null),
       (140, 'StorageGridObjectArea', 'referanse-java', '8fb49175d3', '2021-09-22 11:39:29.055', 'aurora', '2021-09-22 11:39:29.055', 'aurora', null, false, '2021-09-22 12:06:53.936'),
       (141, 'StorageGridObjectArea', 'referanse-java2', '8fb49175d3', '2021-09-22 11:39:30.38', 'aurora', '2021-09-22 11:39:30.38', 'aurora', null, false, '2021-09-22 12:06:57.337'),
       (142, 'StorageGridObjectArea', 'referanse-java', '8fb49175d3', '2021-09-22 12:07:08.723', 'aurora', '2021-09-22 12:07:08.723', 'aurora', null, false, '2021-09-22 12:07:51.635'),
       (143, 'StorageGridObjectArea', 'referanse-java2', '8fb49175d3', '2021-09-22 12:07:09.711', 'aurora', '2021-09-22 12:07:09.711', 'aurora', null, false, '2021-09-22 12:07:54.414'),
       (144, 'StorageGridObjectArea', 'referanse-java', '8fb49175d3', '2021-09-22 12:08:01.858', 'aurora', '2021-09-22 12:08:01.858', 'aurora', null, false, '2021-09-22 12:09:23.056'),
       (145, 'StorageGridObjectArea', 'referanse-java2', '8fb49175d3', '2021-09-22 12:08:02.906', 'aurora', '2021-09-22 12:08:02.906', 'aurora', null, false, '2021-09-22 12:09:25.205'),
       (146, 'StorageGridObjectArea', 'referanse-java', '8fb49175d3', '2021-09-22 12:11:00.574', 'aurora', '2021-09-22 12:11:00.574', 'aurora', null, false, '2021-09-22 12:37:56.769'),
       (147, 'StorageGridObjectArea', 'referanse-java2', '8fb49175d3', '2021-09-22 12:11:22.234', 'aurora', '2021-09-22 12:11:22.234', 'aurora', null, false, '2021-09-22 12:37:59.795'),
       (148, 'StorageGridObjectArea', 'referanse-java', '8fb49175d3', '2021-09-22 12:38:18.617', 'aurora', '2021-09-22 12:38:18.617', 'aurora', null, false, '2021-09-22 13:29:27.471'),
       (149, 'StorageGridObjectArea', 'referanse-java2', '8fb49175d3', '2021-09-22 12:38:19.704', 'aurora', '2021-09-22 12:38:19.704', 'aurora', null, false, '2021-09-22 13:29:30.043'),
       (150, 'StorageGridObjectArea', 'referanse-java', '8fb49175d3', '2021-09-22 13:29:45.685', 'aurora', '2021-09-22 13:29:45.685', 'aurora', null, true, null),
       (151, 'StorageGridObjectArea', 'referanse-java2', '8fb49175d3', '2021-09-22 13:29:46.775', 'aurora', '2021-09-22 13:29:46.775', 'aurora', null, true, null);

INSERT INTO resource_claim (id, owner_id, resource_id, credentials, created_date, created_by, modified_date, modified_by, name)
VALUES
       (1, '56bc4386a7', 1, '{"instanceName":"mock-instance","host":"mock-host","port":5432,"username":"mock-username","password":"mock-pass","labels_affiliation":"aurora","engine":"postgres"}', '2021-02-23 16:05:06.59', 'aurora', '2021-02-23 16:05:06.59', 'aurora', 'AURORA'),
       (2, '56bc4386a7', 2, '{"instanceName":"mock-instance","host":"mock-host","port":5432,"username":"mock-username","password":"mock-pass","labels_affiliation":"aurora","engine":"postgres"}', '2021-02-23 16:08:21.503', 'aurora', '2021-02-23 16:08:21.503', 'aurora', 'AURORA'),
       (3, '56bc4386a7', 3, '{"instanceName":"mock-instance","host":"mock-host","port":5432,"username":"mock-username","password":"mock-pass","labels_affiliation":"aup","engine":"postgres"}', '2021-03-12 12:44:36.106', 'aurora', '2021-03-12 12:44:36.106', 'aurora', 'AURORA'),
       (4, 'efa732d5dc', 4, '{"instanceName":"mock-instance","host":"mock-host","port":5432,"username":"mock-username","password":"mock-pass","labels_affiliation":"aurora","engine":"postgres"}', '2021-03-12 13:28:01.513', 'aurora', '2021-03-12 13:28:01.513', 'aurora', 'AURORA'),
       (5, 'efa732d5dc', 5, '{"instanceName":"mock-instance","host":"mock-host","port":5432,"username":"mock-username","password":"mock-pass","labels_affiliation":"minside","engine":"postgres"}', '2021-03-12 13:44:19.82', 'aurora', '2021-03-12 13:44:19.82', 'aurora', 'AURORA'),
       (6, 'efa732d5dc', 6, '{"instanceName":"mock-instance","host":"mock-host","port":5432,"username":"mock-username","password":"mock-pass","labels_affiliation":"aup","engine":"postgres"}', '2021-03-12 14:10:14.8', 'aurora', '2021-03-12 14:10:14.8', 'aurora', 'AURORA'),
       (7, 'efa732d5dc', 7, '{"accountId":"64103345609259012384","username":"mock-username","password":"mock-pass"}', '2021-04-09 01:51:10.621', 'aurora', '2021-04-09 01:51:10.621', 'aurora', 'AURORA'),
       (49, '74ce1e1b8f', 110, '{"accessKey":"sampleAccKey","secretKey":"mock-secret-key"}', '2021-06-09 14:06:43.418', 'aurora', '2021-06-09 14:06:43.418', 'aurora', 'AURORA'),
       (53, '74ce1e1b8f', 118, '{"accessKey":"sampleAccKey","secretKey":"mock-secret-key"}', '2021-06-09 15:41:27.897','aurora', '2021-06-09 15:41:27.897', 'aurora', 'AURORA'),
       (55, '0141a019c1', 120, '{"tenantName":"aurora-utv","bucketName":"aurora-utv-minbucket","objectPrefix":"60cb2ea8-5fdb-4f50-ac5f-e5254cf53b5e","username":"mock-username","password":"mock-pass","serviceEndpoint":"http://mock-storagegrid.mock.no:10880/","accessKey":"sampleAccKey","secretKey":"mock-secret-key"}', '2021-06-15 13:30:24.315', 'aurora', '2021-06-15 13:30:24.315', 'aurora', 'AURORA'),
       (56, '0141a019c1', 121, '{"tenantName":"aurora-utv","bucketName":"aurora-utv-minbucket","objectPrefix":"60cb2ea8-5fdb-4f50-ac5f-e5254cf53b5e","username":"mock-username","password":"mock-pass","serviceEndpoint":"http://mock-storagegrid.mock.no:10880/","accessKey":"sampleAccKey","secretKey":"mock-secret-key"}', '2021-06-15 13:31:12.786', 'aurora', '2021-06-15 13:31:12.786', 'aurora', 'AURORA'),
       (57, 'f906a8673f', 122, '{"tenantName":"aurora-utv","bucketName":"aurora-utv-paas-bucket-u-default","objectPrefix":"60cb2ea8-5fdb-4f50-ac5f-e5254cf53b5e","username":"mock-username","password":"mock-pass","serviceEndpoint":"http://mock-storagegrid.mock.no:10880/","accessKey":"sampleAccKey","secretKey":"mock-secret-key"}', '2021-06-17 11:20:22.456', 'aurora', '2021-06-17 11:20:22.456', 'aurora', 'AURORA'),
       (58, 'f906a8673f', 123, '{"tenantName":"aurora-utv","bucketName":"aurora-utv-paas-bucket-u-default","objectPrefix":"60cb2ea8-5fdb-4f50-ac5f-e5254cf53b5e","username":"mock-username","password":"mock-pass","serviceEndpoint":"http://mock-storagegrid.mock.no:10880/","accessKey":"sampleAccKey","secretKey":"mock-secret-key"}', '2021-06-17 11:20:23.454', 'aurora', '2021-06-17 11:20:23.454', 'aurora', 'AURORA'),
       (59, 'f906a8673f', 124, '{"tenantName":"aurora-utv","bucketName":"aurora-utv-paas-bucket-u-default","objectPrefix":"60cb2ea8-5fdb-4f50-ac5f-e5254cf53b5e","username":"mock-username","password":"mock-pass","serviceEndpoint":"http://mock-storagegrid.mock.no:10880/","accessKey":"sampleAccKey","secretKey":"mock-secret-key"}', '2021-06-22 09:42:47.111', 'aurora', '2021-06-22 09:42:47.111', 'aurora', 'AURORA'),
       (60, 'f906a8673f', 125, '{"tenantName":"aurora-utv","bucketName":"aurora-utv-paas-bucket-u-default","objectPrefix":"60cb2ea8-5fdb-4f50-ac5f-e5254cf53b5e","username":"mock-username","password":"mock-pass","serviceEndpoint":"http://mock-storagegrid.mock.no:10880/","accessKey":"sampleAccKey","secretKey":"mock-secret-key"}', '2021-06-22 09:42:48.237', 'aurora', '2021-06-22 09:42:48.237', 'aurora', 'AURORA'),
       (61, '8fb49175d3', 126, '{"tenantName":"aurora-utv","bucketName":"aurora-utv-paas-bucket-u-default","objectPrefix":"60cb2ea8-5fdb-4f50-ac5f-e5254cf53b5e","username":"mock-username","password":"mock-pass","serviceEndpoint":"http://mock-storagegrid.mock.no:10880/","accessKey":"sampleAccKey","secretKey":"mock-secret-key"}', '2021-08-11 10:35:26.411', 'aurora', '2021-08-11 10:35:26.411', 'aurora', 'AURORA'),
       (62, '8fb49175d3', 127, '{"tenantName":"aurora-utv","bucketName":"aurora-utv-paas-bucket-u-default","objectPrefix":"60cb2ea8-5fdb-4f50-ac5f-e5254cf53b5e","username":"mock-username","password":"mock-pass","serviceEndpoint":"http://mock-storagegrid.mock.no:10880/","accessKey":"sampleAccKey","secretKey":"mock-secret-key"}', '2021-08-11 10:35:27.518', 'aurora', '2021-08-11 10:35:27.518', 'aurora', 'AURORA'),
       (63, 'accc48798f', 128, '{"tenantName":"aurora-utv","bucketName":"aurora-utv-paas-bucket-u-default","objectPrefix":"60cb2ea8-5fdb-4f50-ac5f-e5254cf53b5e","username":"mock-username","password":"mock-pass","serviceEndpoint":"http://mock-storagegrid.mock.no:10880/","accessKey":"sampleAccKey","secretKey":"mock-secret-key"}', '2021-08-11 10:35:28.889', 'aurora', '2021-08-11 10:35:28.889', 'aurora', 'AURORA'),
       (64, '8fb49175d3', 129, '{"tenantName":"aurora-utv","bucketName":"aurora-utv-paas-bucket-u-default","objectPrefix":"60cb2ea8-5fdb-4f50-ac5f-e5254cf53b5e","username":"mock-username","password":"mock-pass","serviceEndpoint":"http://mock-storagegrid.mock.no:10880/","accessKey":"sampleAccKey","secretKey":"mock-secret-key"}', '2021-08-11 13:15:48.128', 'aurora', '2021-08-11 13:15:48.128', 'aurora', 'AURORA'),
       (65, '8fb49175d3', 130, '{"tenantName":"aurora-utv","bucketName":"aurora-utv-paas-bucket-u-default","objectPrefix":"60cb2ea8-5fdb-4f50-ac5f-e5254cf53b5e","username":"mock-username","password":"mock-pass","serviceEndpoint":"http://mock-storagegrid.mock.no:10880/","accessKey":"sampleAccKey","secretKey":"mock-secret-key"}', '2021-08-11 13:15:48.962', 'aurora', '2021-08-11 13:15:48.962', 'aurora', 'AURORA'),
       (66, '20985c6b9b', 131, '{"tenantName":"aurora-utv","bucketName":"aurora-utv-paas-bucket-u-default","objectPrefix":"60cb2ea8-5fdb-4f50-ac5f-e5254cf53b5e","username":"mock-username","password":"mock-pass","serviceEndpoint":"http://mock-storagegrid.mock.no:10880/","accessKey":"sampleAccKey","secretKey":"mock-secret-key"}', '2021-08-31 10:11:17.87', 'aurora', '2021-08-31 10:11:17.87', 'aurora', 'AURORA'),
       (67, '20985c6b9b', 132, '{"tenantName":"aurora-utv","bucketName":"aurora-utv-paas-bucket-u-default","objectPrefix":"60cb2ea8-5fdb-4f50-ac5f-e5254cf53b5e","username":"mock-username","password":"mock-pass","serviceEndpoint":"http://mock-storagegrid.mock.no:10880/","accessKey":"sampleAccKey","secretKey":"mock-secret-key"}', '2021-08-31 10:11:19.8', 'aurora', '2021-08-31 10:11:19.8', 'aurora', 'AURORA'),
       (68, '21a13d0b7d', 133, '{"tenantName":"aurora-utv","bucketName":"aurora-utv-paas-bucket-u-default","objectPrefix":"60cb2ea8-5fdb-4f50-ac5f-e5254cf53b5e","username":"mock-username","password":"mock-pass","serviceEndpoint":"http://mock-storagegrid.mock.no:10880/","accessKey":"sampleAccKey","secretKey":"mock-secret-key"}', '2021-09-02 08:20:34.26', 'aurora', '2021-09-02 08:20:34.26', 'aurora', 'AURORA'),
       (69, '21a13d0b7d', 134, '{"tenantName":"aurora-utv","bucketName":"aurora-utv-paas-bucket-u-default","objectPrefix":"60cb2ea8-5fdb-4f50-ac5f-e5254cf53b5e","username":"mock-username","password":"mock-pass","serviceEndpoint":"http://mock-storagegrid.mock.no:10880/","accessKey":"sampleAccKey","secretKey":"mock-secret-key"}', '2021-09-02 08:20:35.128', 'aurora', '2021-09-02 08:20:35.128', 'aurora', 'AURORA'),
       (70, '21a13d0b7d', 135, '{"tenantName":"aurora-utv","bucketName":"aurora-utv-paas-bucket-u-default","objectPrefix":"60cb2ea8-5fdb-4f50-ac5f-e5254cf53b5e","username":"mock-username","password":"mock-pass","serviceEndpoint":"http://mock-storagegrid.mock.no:10880/","accessKey":"sampleAccKey","secretKey":"mock-secret-key"}', '2021-09-08 12:23:19.324', 'aurora', '2021-09-08 12:23:19.324', 'aurora', 'AURORA'),
       (71, '21a13d0b7d', 136, '{"tenantName":"aurora-utv","bucketName":"aurora-utv-paas-bucket-u-default","objectPrefix":"60cb2ea8-5fdb-4f50-ac5f-e5254cf53b5e","username":"mock-username","password":"mock-pass","serviceEndpoint":"http://mock-storagegrid.mock.no:10880/","accessKey":"sampleAccKey","secretKey":"mock-secret-key"}', '2021-09-08 12:23:21.602', 'aurora', '2021-09-08 12:23:21.602', 'aurora', 'AURORA'),
       (72, '20985c6b9b', 137, '{"tenantName":"aurora-utv","bucketName":"aurora-utv-paas-bucket-u-default","objectPrefix":"60cb2ea8-5fdb-4f50-ac5f-e5254cf53b5e","username":"mock-username","password":"mock-pass","serviceEndpoint":"http://mock-storagegrid.mock.no:10880/","accessKey":"sampleAccKey","secretKey":"mock-secret-key"}', '2021-09-08 12:23:23.686', 'aurora', '2021-09-08 12:23:23.686', 'aurora', 'AURORA'),
       (73, '20985c6b9b', 138, '{"tenantName":"aurora-utv","bucketName":"aurora-utv-paas-bucket-u-default","objectPrefix":"60cb2ea8-5fdb-4f50-ac5f-e5254cf53b5e","username":"mock-username","password":"mock-pass","serviceEndpoint":"http://mock-storagegrid.mock.no:10880/","accessKey":"sampleAccKey","secretKey":"mock-secret-key"}', '2021-09-08 12:23:25.417', 'aurora', '2021-09-08 12:23:25.417', 'aurora', 'AURORA'),
       (74, '6b09b33778', 139, '{"accountId":"45119042736849052050","username":"mock-username","password":"mock-pass"}', '2021-09-21 16:20:52.701', 'aurora', '2021-09-21 16:20:52.701', 'aurora', 'AURORA'),
       (75, '8fb49175d3', 140, '{"tenantName":"aurora-utv","bucketName":"aurora-utv-aurora-utvikling","objectPrefix":"60cb2ea8-5fdb-4f50-ac5f-e5254cf53b5e","username":"mock-username","password":"mock-pass","serviceEndpoint":"https://sg-mock.mock.no","accessKey":"sampleAccKey","secretKey":"mock-secret-key"}', '2021-09-22 11:39:29.152', 'aurora', '2021-09-22 11:39:29.152', 'aurora', 'AURORA'),
       (76, '8fb49175d3', 141, '{"tenantName":"aurora-utv","bucketName":"aurora-utv-aurora-utvikling","objectPrefix":"60cb2ea8-5fdb-4f50-ac5f-e5254cf53b5e","username":"mock-username","password":"mock-pass","serviceEndpoint":"https://sg-mock.mock.no","accessKey":"sampleAccKey","secretKey":"mock-secret-key"}', '2021-09-22 11:39:30.391', 'aurora', '2021-09-22 11:39:30.391', 'aurora', 'AURORA'),
       (77, '8fb49175d3', 142, '{"tenantName":"aurora-utv","bucketName":"aurora-utv-aurora-utvikling","objectPrefix":"60cb2ea8-5fdb-4f50-ac5f-e5254cf53b5e","username":"mock-username","password":"mock-pass","serviceEndpoint":"https://sg-mock.mock.no","accessKey":"sampleAccKey","secretKey":"mock-secret-key"}', '2021-09-22 12:07:08.758', 'aurora', '2021-09-22 12:07:08.758', 'aurora', 'AURORA'),
       (78, '8fb49175d3', 143, '{"tenantName":"aurora-utv","bucketName":"aurora-utv-aurora-utvikling","objectPrefix":"60cb2ea8-5fdb-4f50-ac5f-e5254cf53b5e","username":"mock-username","password":"mock-pass","serviceEndpoint":"https://sg-mock.mock.no","accessKey":"sampleAccKey","secretKey":"mock-secret-key"}', '2021-09-22 12:07:09.73', 'aurora', '2021-09-22 12:07:09.73', 'aurora', 'AURORA'),
       (79, '8fb49175d3', 144, '{"tenantName":"aurora-utv","bucketName":"aurora-utv-aurora-utvikling","objectPrefix":"60cb2ea8-5fdb-4f50-ac5f-e5254cf53b5e","username":"mock-username","password":"mock-pass","serviceEndpoint":"https://sg-mock.mock.no","accessKey":"sampleAccKey","secretKey":"mock-secret-key"}', '2021-09-22 12:08:01.892', 'aurora', '2021-09-22 12:08:01.892', 'aurora', 'AURORA'),
       (80, '8fb49175d3', 145, '{"tenantName":"aurora-utv","bucketName":"aurora-utv-aurora-utvikling","objectPrefix":"60cb2ea8-5fdb-4f50-ac5f-e5254cf53b5e","username":"mock-username","password":"mock-pass","serviceEndpoint":"https://sg-mock.mock.no","accessKey":"sampleAccKey","secretKey":"mock-secret-key"}', '2021-09-22 12:08:02.926', 'aurora', '2021-09-22 12:08:02.926', 'aurora', 'AURORA'),
       (81, '8fb49175d3', 146, '{"tenantName":"aurora-utv","bucketName":"aurora-utv-aurora-utvikling","objectPrefix":"60cb2ea8-5fdb-4f50-ac5f-e5254cf53b5e","username":"mock-username","password":"mock-pass","serviceEndpoint":"https://sg-mock.mock.no","accessKey":"sampleAccKey","secretKey":"mock-secret-key"}', '2021-09-22 12:11:00.602', 'aurora', '2021-09-22 12:11:00.602', 'aurora', 'AURORA'),
       (82, '8fb49175d3', 147, '{"tenantName":"aurora-utv","bucketName":"aurora-utv-aurora-utvikling","objectPrefix":"60cb2ea8-5fdb-4f50-ac5f-e5254cf53b5e","username":"mock-username","password":"mock-pass","serviceEndpoint":"https://sg-mock.mock.no","accessKey":"sampleAccKey","secretKey":"mock-secret-key"}', '2021-09-22 12:11:22.254', 'aurora', '2021-09-22 12:11:22.254', 'aurora', 'AURORA'),
       (83, '8fb49175d3', 148, '{"tenantName":"aurora-utv","bucketName":"aurora-utv-aurora-utvikling","objectPrefix":"60cb2ea8-5fdb-4f50-ac5f-e5254cf53b5e","username":"mock-username","password":"mock-pass","serviceEndpoint":"https://sg-mock.mock.no","accessKey":"sampleAccKey","secretKey":"mock-secret-key"}', '2021-09-22 12:38:18.648', 'aurora', '2021-09-22 12:38:18.648', 'aurora', 'AURORA'),
       (84, '8fb49175d3', 149, '{"tenantName":"aurora-utv","bucketName":"aurora-utv-aurora-utvikling","objectPrefix":"60cb2ea8-5fdb-4f50-ac5f-e5254cf53b5e","username":"mock-username","password":"mock-pass","serviceEndpoint":"https://sg-mock.mock.no","accessKey":"sampleAccKey","secretKey":"mock-secret-key"}', '2021-09-22 12:38:21.143', 'aurora', '2021-09-22 12:38:21.143', 'aurora', 'AURORA'),
       (85, '8fb49175d3', 150, '{"tenantName":"aurora-utv","bucketName":"aurora-utv-aurora-utvikling","objectPrefix":"60cb2ea8-5fdb-4f50-ac5f-e5254cf53b5e","username":"mock-username","password":"mock-pass","serviceEndpoint":"https://sg-mock.mock.no","accessKey":"sampleAccKey","secretKey":"mock-secret-key"}', '2021-09-22 13:29:45.716', 'aurora', '2021-09-22 13:29:45.716', 'aurora', 'AURORA'),
       (86, '8fb49175d3', 151, '{"tenantName":"aurora-utv","bucketName":"aurora-utv-aurora-utvikling","objectPrefix":"60cb2ea8-5fdb-4f50-ac5f-e5254cf53b5e","username":"mock-username","password":"mock-pass","serviceEndpoint":"https://sg-mock.mock.no","accessKey":"sampleAccKey","secretKey":"mock-secret-key"}', '2021-09-22 13:29:46.802', 'aurora', '2021-09-22 13:29:46.802', 'aurora', 'AURORA')